진료년도,시도,진료과목,환자수,명세서 청구건수,요양급여비용총액,보험자부담금
2014,서울,일반의,8476 ,10993 ,5925341570 ,4729286690 
2014,서울,내과,2467397 ,11922059 ,2382524348080 ,1932210845400 
2014,서울,신경과,440949 ,1543791 ,256879214710 ,179435650060 
2014,서울,정신건강의학과,179111 ,1027482 ,138161982420 ,95659917680 
2014,서울,외과,824980 ,2710619 ,955947646690 ,829113053670 
2014,서울,정형외과,1339599 ,4974121 ,685497873780 ,497907365180 
2014,서울,신경외과,567031 ,1793886 ,423727016360 ,338083746180 
2014,서울,흉부외과,101504 ,326872 ,234061546220 ,209086961890 
2014,서울,성형외과,100185 ,321159 ,48304888520 ,34584543200 
2014,서울,마취통증의학과,83419 ,267710 ,17977291950 ,9270504260 
2014,서울,산부인과,666461 ,2657706 ,327690500850 ,254514084710 
2014,서울,소아청소년과,478845 ,2351159 ,367003314050 ,310931612710 
2014,서울,안과,783748 ,2012354 ,161206928920 ,102140820210 
2014,서울,이비인후과,461372 ,1333094 ,145278187450 ,98306600880 
2014,서울,피부과,313254 ,1041866 ,36007334270 ,14537593990 
2014,서울,비뇨의학과,344836 ,1220050 ,166895490380 ,124975244520 
2014,서울,영상의학과,45441 ,63858 ,8037490770 ,5632310530 
2014,서울,방사선종양학과,47583 ,568376 ,126413387680 ,119753407600 
2014,서울,병리과,10 ,10 ,1126870 ,834270 
2014,서울,진단검사의학과,2313 ,4496 ,498142220 ,398879220 
2014,서울,결핵과,12 ,13 ,32426910 ,25285510 
2014,서울,재활의학과,174670 ,1219442 ,225707184590 ,168937023670 
2014,서울,핵의학과,10596 ,39286 ,9163996710 ,8395764340 
2014,서울,가정의학과,305049 ,805246 ,74006325430 ,48798874700 
2014,서울,응급의학과,889911 ,1169969 ,181762366530 ,99618253700 
2014,서울,직업환경의학과,1403 ,2319 ,125725790 ,79693210 
2014,서울,약국,1 ,1 ,38750 ,23250 
2014,서울,치과,2 ,2 ,36840 ,22240 
2014,서울,구강악안면외과,136122 ,344088 ,19880650640 ,11938791020 
2014,서울,치과보철과,18864 ,35457 ,2547542320 ,1372216420 
2014,서울,치과교정과,1413 ,1535 ,55863580 ,32415480 
2014,서울,소아치과,47208 ,90050 ,2845564810 ,1820935230 
2014,서울,치주과,128357 ,226605 ,10780318850 ,6416430780 
2014,서울,치과보존과,243994 ,594564 ,25143385590 ,12659948790 
2014,서울,구강내과,31530 ,94697 ,4303800510 ,2595511610 
2014,서울,영상치의학과,2843 ,2869 ,121276860 ,73115060 
2014,서울,구강병리과,2 ,2 ,39250 ,23650 
2014,서울,예방치과,1501 ,1533 ,53977020 ,32523420 
2014,서울,한방내과,59890 ,324545 ,15018754570 ,10866544280 
2014,서울,한방부인과,7684 ,35242 ,1047441080 ,686330010 
2014,서울,한방소아과,3865 ,11258 ,208115750 ,130275580 
2014,서울,한방안·이비인후·피부과,4078 ,29215 ,989663930 ,653112600 
2014,서울,한방신경정신과,2854 ,15796 ,676888780 ,492424140 
2014,서울,침구과,44250 ,223869 ,10226607110 ,7145041510 
2014,서울,한방재활의학과,50292 ,281602 ,12639801290 ,8509330410 
2014,서울,사상체질과,2496 ,12657 ,710657840 ,526175840 
2014,서울,한방응급,1465 ,3126 ,71441970 ,44329280 
2014,부산,일반의,945 ,3832 ,500416740 ,384940400 
2014,부산,내과,907061 ,4344806 ,776775415540 ,613828730690 
2014,부산,신경과,159765 ,616663 ,81303590130 ,57371262350 
2014,부산,정신건강의학과,55272 ,371936 ,82629477560 ,60835182310 
2014,부산,외과,253326 ,896868 ,249651015730 ,204247100260 
2014,부산,정형외과,550026 ,2445657 ,309400114190 ,224598067050 
2014,부산,신경외과,152677 ,527855 ,139114568250 ,110023922430 
2014,부산,흉부외과,26404 ,85736 ,36678566640 ,30580385250 
2014,부산,성형외과,23272 ,74467 ,8900888120 ,6072517970 
2014,부산,마취통증의학과,33456 ,96924 ,11274322610 ,7661469590 
2014,부산,산부인과,282464 ,1197912 ,127759023790 ,98600006130 
2014,부산,소아청소년과,271952 ,2016273 ,114748519660 ,93656366510 
2014,부산,안과,171192 ,502971 ,40354979590 ,27019296610 
2014,부산,이비인후과,152499 ,435104 ,41356343160 ,29225479500 
2014,부산,피부과,65679 ,199941 ,8954732360 ,5002789470 
2014,부산,비뇨의학과,92301 ,346645 ,44408769820 ,32125752190 
2014,부산,영상의학과,9808 ,21458 ,1895501930 ,1355599570 
2014,부산,방사선종양학과,5821 ,80847 ,18695049220 ,17707277270 
2014,부산,병리과,2 ,24 ,49280980 ,36790290 
2014,부산,진단검사의학과,448 ,503 ,11887550 ,5961750 
2014,부산,결핵과,4 ,38 ,72902280 ,53531490 
2014,부산,재활의학과,45427 ,436136 ,98580876430 ,74868875750 
2014,부산,핵의학과,4545 ,19990 ,4765818860 ,4445893250 
2014,부산,가정의학과,113770 ,295404 ,135007886270 ,100263706760 
2014,부산,응급의학과,309064 ,406737 ,34680152800 ,18818165220 
2014,부산,직업환경의학과,546 ,720 ,29888040 ,12220220 
2014,부산,보건,1 ,1 ,2172430 ,1594810 
2014,부산,치과,67 ,87 ,54607870 ,29790590 
2014,부산,구강악안면외과,32147 ,71865 ,3378456000 ,1897377710 
2014,부산,치과보철과,2556 ,6000 ,893973800 ,435734340 
2014,부산,치과교정과,4759 ,12460 ,467077340 ,279478940 
2014,부산,소아치과,967 ,1345 ,27503200 ,16985260 
2014,부산,치주과,34838 ,55937 ,2311762290 ,1356039420 
2014,부산,치과보존과,81549 ,221555 ,8454336680 ,4423694900 
2014,부산,구강내과,488 ,560 ,12551340 ,6815440 
2014,부산,영상치의학과,6 ,6 ,476660 ,286260 
2014,부산,예방치과,9 ,9 ,351660 ,211360 
2014,부산,한방내과,37215 ,216617 ,15265487010 ,11755173720 
2014,부산,한방부인과,1452 ,7093 ,500889020 ,370761050 
2014,부산,한방소아과,195 ,652 ,25636490 ,18666220 
2014,부산,한방안·이비인후·피부과,1317 ,8729 ,563255280 ,397136450 
2014,부산,한방신경정신과,430 ,2802 ,153145060 ,109632400 
2014,부산,침구과,11479 ,68468 ,3700647300 ,2706257310 
2014,부산,한방재활의학과,10763 ,70551 ,3590096830 ,2456057400 
2014,부산,사상체질과,1625 ,10765 ,527261980 ,372867320 
2014,인천,일반의,789 ,4579 ,675608520 ,488988410 
2014,인천,내과,485254 ,2132594 ,366517594780 ,289184288550 
2014,인천,신경과,59957 ,215163 ,33416506580 ,23030674760 
2014,인천,정신건강의학과,37064 ,211830 ,56618965300 ,41948577500 
2014,인천,외과,108900 ,363831 ,113168133840 ,93650725740 
2014,인천,정형외과,300418 ,1162686 ,161324898780 ,117560577300 
2014,인천,신경외과,140086 ,435032 ,84776116870 ,65533775150 
2014,인천,흉부외과,8160 ,20280 ,12359973000 ,10557387650 
2014,인천,성형외과,10967 ,33703 ,3492754350 ,2349421190 
2014,인천,마취통증의학과,8033 ,25634 ,1865751800 ,1058346170 
2014,인천,산부인과,149509 ,592083 ,55766680170 ,42880362520 
2014,인천,소아청소년과,105431 ,556286 ,39619335440 ,31772485410 
2014,인천,안과,113102 ,283807 ,23269235120 ,15535839220 
2014,인천,이비인후과,105502 ,282459 ,22107345060 ,14258229160 
2014,인천,피부과,47373 ,140491 ,5642633410 ,2714016380 
2014,인천,비뇨의학과,57674 ,192419 ,20930283940 ,14141687690 
2014,인천,영상의학과,471 ,576 ,91535510 ,50946360 
2014,인천,방사선종양학과,2828 ,45902 ,9545936390 ,9066544010 
2014,인천,진단검사의학과,7 ,11 ,141680 ,76780 
2014,인천,결핵과,1 ,1 ,4723270 ,3618770 
2014,인천,재활의학과,27832 ,209429 ,66056245990 ,50667551210 
2014,인천,핵의학과,773 ,1931 ,630614010 ,594735320 
2014,인천,가정의학과,54750 ,142481 ,37090127460 ,27465525360 
2014,인천,응급의학과,263734 ,344930 ,44980050820 ,23263483380 
2014,인천,직업환경의학과,170 ,330 ,12011020 ,4266020 
2014,인천,예방의학과,6 ,15 ,118050 ,59450 
2014,인천,치과,894 ,2444 ,73125380 ,37264030 
2014,인천,구강악안면외과,19371 ,49869 ,1964192740 ,1087622430 
2014,인천,치과보철과,862 ,1417 ,190324260 ,99272160 
2014,인천,치과교정과,9 ,9 ,315950 ,189850 
2014,인천,소아치과,1060 ,1543 ,58218950 ,38207490 
2014,인천,치주과,9321 ,14307 ,662482850 ,394293900 
2014,인천,치과보존과,31332 ,72286 ,3289060820 ,1498233500 
2014,인천,예방치과,2 ,2 ,57030 ,34330 
2014,인천,한방내과,11275 ,51953 ,3310452100 ,2495119540 
2014,인천,한방부인과,891 ,3629 ,99773500 ,64907750 
2014,인천,한방소아과,20 ,55 ,879070 ,634670 
2014,인천,한방안·이비인후·피부과,65 ,409 ,9065050 ,6098490 
2014,인천,한방신경정신과,134 ,808 ,95682080 ,75904620 
2014,인천,침구과,19169 ,75037 ,5719275230 ,4119471400 
2014,인천,한방재활의학과,4896 ,23422 ,1564464380 ,1118177810 
2014,인천,사상체질과,906 ,4152 ,143035980 ,94532100 
2014,인천,한방응급,58 ,69 ,1827710 ,1101710 
2014,대구,일반의,172 ,226 ,8984680 ,5803520 
2014,대구,내과,557097 ,2436705 ,443069300410 ,354271630690 
2014,대구,신경과,108898 ,417967 ,65125844170 ,45437628370 
2014,대구,정신건강의학과,43397 ,301672 ,54593005060 ,40634270670 
2014,대구,외과,188303 ,599580 ,179610405600 ,149450845270 
2014,대구,정형외과,356477 ,1346221 ,174548423910 ,127016876340 
2014,대구,신경외과,159349 ,502558 ,102245778670 ,79046261290 
2014,대구,흉부외과,13536 ,40953 ,29383906950 ,25747760350 
2014,대구,성형외과,23166 ,64801 ,11856407010 ,8485578540 
2014,대구,마취통증의학과,20100 ,61349 ,4992408710 ,2931377110 
2014,대구,산부인과,188490 ,741213 ,85579215650 ,67500476750 
2014,대구,소아청소년과,205482 ,1390439 ,87235171480 ,71620491690 
2014,대구,안과,150027 ,448305 ,36279457080 ,23782773940 
2014,대구,이비인후과,69838 ,184987 ,19171418230 ,12808186490 
2014,대구,피부과,42299 ,136915 ,5001648010 ,2292814150 
2014,대구,비뇨의학과,49237 ,191015 ,25628110670 ,19223736010 
2014,대구,영상의학과,5562 ,6394 ,587226630 ,408934080 
2014,대구,방사선종양학과,4712 ,81351 ,16368581910 ,15546628990 
2014,대구,병리과,1 ,1 ,335790 ,267120 
2014,대구,진단검사의학과,373 ,969 ,495569850 ,358709030 
2014,대구,결핵과,1 ,1 ,17580 ,10580 
2014,대구,재활의학과,37081 ,298275 ,62929617960 ,47524752690 
2014,대구,핵의학과,12146 ,41307 ,5357396680 ,4504431120 
2014,대구,가정의학과,45866 ,124147 ,45536910870 ,33613260020 
2014,대구,응급의학과,128421 ,159598 ,19706312900 ,10281578170 
2014,대구,직업환경의학과,1377 ,2817 ,79913820 ,45004120 
2014,대구,치과,3032 ,4216 ,104427210 ,62771370 
2014,대구,구강악안면외과,26109 ,45934 ,1729349210 ,1024254530 
2014,대구,치과보철과,1042 ,2178 ,543415890 ,276952490 
2014,대구,치과교정과,276 ,298 ,11474450 ,6904450 
2014,대구,소아치과,4683 ,8159 ,301209700 ,201348870 
2014,대구,치주과,38008 ,63777 ,2681424060 ,1610996600 
2014,대구,치과보존과,89130 ,248219 ,10767201410 ,4956827430 
2014,대구,예방치과,438 ,494 ,43880500 ,26439900 
2014,대구,한방내과,13867 ,69281 ,3920009340 ,2970531160 
2014,대구,한방부인과,200 ,1109 ,46943850 ,30664610 
2014,대구,한방소아과,270 ,1218 ,26633210 ,16870680 
2014,대구,한방안·이비인후·피부과,634 ,4597 ,139820240 ,89183330 
2014,대구,한방신경정신과,324 ,2092 ,98482770 ,65074940 
2014,대구,침구과,3071 ,16332 ,1047806740 ,761168130 
2014,대구,한방재활의학과,423 ,1335 ,72054360 ,49190160 
2014,대구,사상체질과,63 ,252 ,7207450 ,4664060 
2014,대구,한방응급,679 ,831 ,24705590 ,15065790 
2014,광주,일반의,14 ,14 ,508160 ,340850 
2014,광주,내과,474409 ,1839805 ,285964756270 ,216680259180 
2014,광주,신경과,72339 ,237983 ,35434858990 ,24391870160 
2014,광주,정신건강의학과,28198 ,181182 ,43342048390 ,31841000940 
2014,광주,외과,135097 ,350153 ,100763776610 ,78131780110 
2014,광주,정형외과,316289 ,1005370 ,139257172170 ,100674588620 
2014,광주,신경외과,125782 ,317807 ,63874251870 ,48386351120 
2014,광주,흉부외과,10720 ,25856 ,13271662700 ,10986503030 
2014,광주,성형외과,4294 ,12476 ,2491090440 ,1789561710 
2014,광주,마취통증의학과,18202 ,64531 ,5006370980 ,3452582070 
2014,광주,산부인과,140921 ,523066 ,50998183270 ,40154540790 
2014,광주,소아청소년과,210518 ,1702847 ,79528051760 ,63193183770 
2014,광주,안과,114553 ,261069 ,18788734390 ,12795661890 
2014,광주,이비인후과,101176 ,269564 ,16362581730 ,10659805310 
2014,광주,피부과,31857 ,89266 ,4161140530 ,2124048420 
2014,광주,비뇨의학과,48577 ,145009 ,17103985900 ,11635076070 
2014,광주,영상의학과,5257 ,11418 ,609622980 ,371094690 
2014,광주,방사선종양학과,193 ,4106 ,830256540 ,788330640 
2014,광주,병리과,1 ,2 ,1690400 ,1221930 
2014,광주,결핵과,1827 ,7335 ,1365846610 ,1133457120 
2014,광주,재활의학과,21551 ,149441 ,36416402640 ,27617512000 
2014,광주,핵의학과,1517 ,4866 ,1315632710 ,1217983870 
2014,광주,가정의학과,67144 ,154435 ,62969660320 ,46886291340 
2014,광주,응급의학과,196899 ,261591 ,28602908920 ,16160458330 
2014,광주,직업환경의학과,1724 ,7598 ,12239079520 ,9030050190 
2014,광주,예방의학과,1 ,1 ,61430 ,36930 
2014,광주,구강악안면외과,24638 ,54728 ,3655130380 ,2373787190 
2014,광주,치과보철과,5014 ,9402 ,577849640 ,324011740 
2014,광주,치과교정과,1283 ,1592 ,47309730 ,28537530 
2014,광주,소아치과,11985 ,26569 ,1140652320 ,751740050 
2014,광주,치주과,26700 ,52631 ,2323845410 ,1399117100 
2014,광주,치과보존과,40240 ,95228 ,4292920790 ,2580714240 
2014,광주,구강내과,8911 ,20134 ,991993370 ,602319370 
2014,광주,예방치과,1844 ,2936 ,153916710 ,90380610 
2014,광주,한방내과,39296 ,148934 ,16559450250 ,12245169170 
2014,광주,한방부인과,2021 ,7411 ,367436420 ,266640700 
2014,광주,한방안·이비인후·피부과,3030 ,15045 ,1008612340 ,711904920 
2014,광주,한방신경정신과,305 ,1519 ,86157910 ,58447970 
2014,광주,침구과,85376 ,290589 ,42680019310 ,31086456840 
2014,광주,한방재활의학과,25462 ,74574 ,6502719650 ,4597162070 
2014,광주,사상체질과,2659 ,7859 ,1165770640 ,845433400 
2014,대전,일반의,46 ,48 ,19907510 ,15720000 
2014,대전,내과,284591 ,1370935 ,287165197520 ,229385757520 
2014,대전,신경과,77610 ,292854 ,54148896270 ,39120830470 
2014,대전,정신건강의학과,23958 ,140161 ,23834360190 ,17388936120 
2014,대전,외과,70873 ,256421 ,82503894490 ,68791078280 
2014,대전,정형외과,166524 ,557031 ,95742585410 ,69961122660 
2014,대전,신경외과,73145 ,227089 ,58158018980 ,45893889340 
2014,대전,흉부외과,9901 ,27104 ,14975049350 ,12680540730 
2014,대전,성형외과,10798 ,29830 ,5267532330 ,3808501590 
2014,대전,마취통증의학과,11137 ,46193 ,3942833940 ,2563184400 
2014,대전,산부인과,91829 ,364050 ,43547681510 ,34166345920 
2014,대전,소아청소년과,114075 ,778432 ,51516678320 ,42890272670 
2014,대전,안과,87219 ,216819 ,16472629040 ,10912638700 
2014,대전,이비인후과,67408 ,182888 ,17531719100 ,11701447360 
2014,대전,피부과,42574 ,141725 ,5539916460 ,3012362580 
2014,대전,비뇨의학과,40070 ,157881 ,20504148290 ,15246109990 
2014,대전,영상의학과,339 ,594 ,327452830 ,255501350 
2014,대전,방사선종양학과,2771 ,33448 ,7163096920 ,6798816550 
2014,대전,병리과,1 ,1 ,292310 ,117010 
2014,대전,결핵과,10 ,20 ,33272090 ,26720160 
2014,대전,재활의학과,34436 ,285224 ,50360693120 ,37992114690 
2014,대전,핵의학과,702 ,5463 ,868530110 ,814526110 
2014,대전,가정의학과,49144 ,126505 ,24573508430 ,17697490570 
2014,대전,응급의학과,123187 ,152430 ,22978018620 ,12362853520 
2014,대전,직업환경의학과,668 ,2030 ,1714233810 ,1280144680 
2014,대전,구강악안면외과,14982 ,34600 ,1579783060 ,992790390 
2014,대전,치과보철과,1560 ,3321 ,384981720 ,200111320 
2014,대전,치과교정과,125 ,148 ,4438310 ,2669410 
2014,대전,소아치과,5932 ,10051 ,480342460 ,319133100 
2014,대전,치주과,16238 ,28432 ,1310474760 ,788505860 
2014,대전,치과보존과,64507 ,154219 ,6405751030 ,3693818390 
2014,대전,구강내과,3532 ,8820 ,359698170 ,213983270 
2014,대전,영상치의학과,1 ,1 ,48110 ,28910 
2014,대전,예방치과,1 ,1 ,25660 ,15460 
2014,대전,한방내과,10583 ,60827 ,4494213710 ,3434244670 
2014,대전,한방부인과,815 ,3574 ,107072980 ,70236430 
2014,대전,한방소아과,657 ,4503 ,80997400 ,52242530 
2014,대전,한방안·이비인후·피부과,1271 ,9704 ,229368310 ,143945310 
2014,대전,한방신경정신과,630 ,3723 ,166828570 ,114726490 
2014,대전,침구과,14415 ,78033 ,4484194500 ,3221268370 
2014,대전,한방재활의학과,8246 ,51859 ,2731697740 ,1863906070 
2014,대전,한방응급,87 ,101 ,4948900 ,3237360 
2014,울산,일반의,539 ,1976 ,230080640 ,183997520 
2014,울산,내과,289082 ,1281892 ,178417123800 ,140125678730 
2014,울산,신경과,38783 ,160623 ,22749411280 ,16304158310 
2014,울산,정신건강의학과,16660 ,121468 ,21071855580 ,15693624370 
2014,울산,외과,70488 ,205093 ,52602383290 ,42479891940 
2014,울산,정형외과,155121 ,640582 ,60974478750 ,43750970080 
2014,울산,신경외과,65780 ,218540 ,36479520950 ,27861798440 
2014,울산,흉부외과,5849 ,14388 ,6446774430 ,5533012990 
2014,울산,성형외과,5961 ,21784 ,2234199140 ,1595294230 
2014,울산,마취통증의학과,6940 ,27321 ,2478806730 ,1683773700 
2014,울산,산부인과,85872 ,393363 ,38785899690 ,30048971960 
2014,울산,소아청소년과,81005 ,555608 ,30177620320 ,25234059320 
2014,울산,안과,21922 ,53355 ,3537384290 ,2350828820 
2014,울산,이비인후과,81149 ,227469 ,12447946380 ,8617577240 
2014,울산,피부과,14696 ,39604 ,1188523910 ,702880860 
2014,울산,비뇨의학과,25399 ,85955 ,8590187650 ,6306408850 
2014,울산,영상의학과,1146 ,1494 ,36714020 ,22743020 
2014,울산,방사선종양학과,1326 ,18282 ,3584620150 ,3403078050 
2014,울산,결핵과,1 ,1 ,14370 ,8670 
2014,울산,재활의학과,8138 ,55513 ,17836989860 ,13576830130 
2014,울산,핵의학과,496 ,1944 ,543560880 ,514999180 
2014,울산,가정의학과,34701 ,98639 ,25570531180 ,18677716070 
2014,울산,응급의학과,99247 ,131120 ,13016462180 ,7512003430 
2014,울산,직업환경의학과,42 ,81 ,1397640 ,705840 
2014,울산,예방의학과,8222 ,13657 ,393101920 ,254048670 
2014,울산,치과,4879 ,13067 ,530393330 ,302609780 
2014,울산,구강악안면외과,14698 ,30544 ,1125816110 ,662098860 
2014,울산,치과보철과,653 ,1033 ,126145870 ,64300120 
2014,울산,치과교정과,1 ,1 ,43850 ,26350 
2014,울산,소아치과,1308 ,1858 ,44028540 ,27543440 
2014,울산,치주과,12694 ,18127 ,894877430 ,538023330 
2014,울산,치과보존과,24818 ,57833 ,2989241020 ,1865016030 
2014,울산,구강내과,609 ,619 ,48904110 ,29365510 
2014,울산,예방치과,178 ,187 ,4810120 ,2895120 
2014,울산,한방내과,4002 ,24074 ,1967532590 ,1525954310 
2014,울산,한방부인과,714 ,4180 ,188901890 ,128344240 
2014,울산,한방소아과,266 ,1145 ,61892650 ,45463630 
2014,울산,침구과,3821 ,24151 ,1722189510 ,1328191900 
2014,울산,한방재활의학과,8848 ,43348 ,2160990670 ,1469735220 
2014,울산,사상체질과,870 ,4944 ,339579770 ,238505790 
2014,경기,일반의,1965 ,2654 ,425993780 ,307299210 
2014,경기,내과,2121025 ,8940574 ,1407447828910 ,1108230026590 
2014,경기,신경과,330632 ,1138818 ,199228552420 ,141676236380 
2014,경기,정신건강의학과,144668 ,849808 ,223198565560 ,166099437690 
2014,경기,외과,528724 ,1591780 ,460480412410 ,379850165480 
2014,경기,정형외과,1474128 ,5290305 ,588182104400 ,425687864660 
2014,경기,신경외과,551357 ,1762954 ,310527687290 ,241073678900 
2014,경기,흉부외과,67969 ,181574 ,92906000550 ,80205524790 
2014,경기,성형외과,80082 ,239241 ,29450867450 ,20738483360 
2014,경기,마취통증의학과,59689 ,191991 ,13414275850 ,8150322310 
2014,경기,산부인과,617272 ,2471903 ,252368161280 ,199790925960 
2014,경기,소아청소년과,539450 ,2782444 ,198699204640 ,160277156900 
2014,경기,안과,319924 ,805421 ,58436297310 ,37547822630 
2014,경기,이비인후과,341582 ,868247 ,75645990180 ,50571915170 
2014,경기,피부과,199684 ,609905 ,20784159230 ,9546642790 
2014,경기,비뇨의학과,242605 ,757002 ,82070849870 ,58814730080 
2014,경기,영상의학과,25653 ,35876 ,2955712950 ,1723595390 
2014,경기,방사선종양학과,15113 ,180192 ,38622961900 ,36554934370 
2014,경기,병리과,19 ,52 ,1868240 ,1049040 
2014,경기,진단검사의학과,798 ,4389 ,1427967700 ,1236320370 
2014,경기,결핵과,436 ,1136 ,1458380160 ,1085812760 
2014,경기,재활의학과,128308 ,938586 ,295731609710 ,226253496890 
2014,경기,핵의학과,3214 ,11941 ,3207602280 ,2987105810 
2014,경기,가정의학과,266392 ,760655 ,161454084110 ,120061430840 
2014,경기,응급의학과,1113714 ,1468877 ,158774931270 ,84805138300 
2014,경기,직업환경의학과,4634 ,7150 ,258341090 ,152990650 
2014,경기,예방의학과,95 ,392 ,659121320 ,484254870 
2014,경기,치과,3170 ,6555 ,251329900 ,143865350 
2014,경기,구강악안면외과,82461 ,186945 ,8270424050 ,4513346440 
2014,경기,치과보철과,16347 ,27478 ,1706954570 ,917218200 
2014,경기,치과교정과,1247 ,1387 ,45708990 ,27557790 
2014,경기,소아치과,15032 ,26719 ,960359480 ,628358100 
2014,경기,치주과,69406 ,118974 ,4940396110 ,2940342840 
2014,경기,치과보존과,166381 ,399687 ,17044254370 ,8870163320 
2014,경기,구강내과,3428 ,7675 ,233684620 ,140910780 
2014,경기,영상치의학과,4228 ,6028 ,190267600 ,114693300 
2014,경기,예방치과,1381 ,1462 ,73662890 ,44315790 
2014,경기,한방내과,52665 ,253559 ,18234348040 ,13771685240 
2014,경기,한방부인과,4203 ,17782 ,579458870 ,377711400 
2014,경기,한방소아과,1283 ,3325 ,74972710 ,50020980 
2014,경기,한방안·이비인후·피부과,757 ,2924 ,91279260 ,62238890 
2014,경기,한방신경정신과,4069 ,19742 ,677524510 ,440795190 
2014,경기,침구과,49645 ,212517 ,13114355300 ,9643632610 
2014,경기,한방재활의학과,41765 ,222516 ,10512148750 ,7159144250 
2014,경기,사상체질과,1592 ,7205 ,285595420 ,195256350 
2014,경기,한방응급,901 ,1143 ,34804890 ,20938890 
2014,경기,한방,2 ,2 ,199530 ,146730 
2014,강원,일반의,551 ,1386 ,701733810 ,518120090 
2014,강원,내과,338667 ,1418853 ,230656017160 ,181707013790 
2014,강원,신경과,42266 ,149771 ,22541656160 ,15894651640 
2014,강원,정신건강의학과,25731 ,149057 ,26535889830 ,19691293130 
2014,강원,외과,78005 ,193587 ,47030951260 ,38360360790 
2014,강원,정형외과,212004 ,720725 ,81833749770 ,58748034930 
2014,강원,신경외과,70342 ,199277 ,37221873770 ,28756857410 
2014,강원,흉부외과,7636 ,19380 ,6554093480 ,5174747080 
2014,강원,성형외과,7096 ,19834 ,2406866820 ,1718069150 
2014,강원,마취통증의학과,11462 ,39205 ,2203157060 ,1344575330 
2014,강원,산부인과,39286 ,113274 ,13792460030 ,10481986070 
2014,강원,소아청소년과,49962 ,172247 ,20066737990 ,16903870240 
2014,강원,안과,32824 ,87082 ,7656886320 ,5077386780 
2014,강원,이비인후과,56613 ,156751 ,10445158020 ,7193068800 
2014,강원,피부과,21126 ,55367 ,1953005000 ,886869620 
2014,강원,비뇨의학과,33426 ,103414 ,10910538720 ,7967852420 
2014,강원,영상의학과,540 ,696 ,89472490 ,50854890 
2014,강원,방사선종양학과,2230 ,27226 ,5965211320 ,5655387320 
2014,강원,병리과,32 ,152 ,183155220 ,136354060 
2014,강원,재활의학과,13485 ,94766 ,20951100220 ,15862298470 
2014,강원,핵의학과,10 ,34 ,3287240 ,2340910 
2014,강원,가정의학과,43441 ,121488 ,15298313650 ,10991126150 
2014,강원,응급의학과,173232 ,235695 ,24858310210 ,13943422500 
2014,강원,직업환경의학과,555 ,2930 ,625382480 ,471856370 
2014,강원,예방의학과,317 ,1237 ,967340820 ,723646890 
2014,강원,치과,1 ,1 ,30110 ,19610 
2014,강원,구강악안면외과,12267 ,28864 ,1863153720 ,1053451360 
2014,강원,치과보철과,3716 ,6235 ,537626110 ,289951930 
2014,강원,치과교정과,250 ,288 ,9415350 ,2516450 
2014,강원,소아치과,3469 ,7081 ,362541770 ,222851300 
2014,강원,치주과,5522 ,13890 ,521140980 ,312726920 
2014,강원,치과보존과,11295 ,24627 ,931052100 ,488008670 
2014,강원,구강내과,5248 ,7230 ,318304390 ,191983590 
2014,강원,영상치의학과,1 ,1 ,30950 ,18650 
2014,강원,구강병리과,3 ,3 ,257050 ,154450 
2014,강원,예방치과,917 ,1037 ,61327290 ,38305290 
2014,강원,한방내과,4554 ,18998 ,1115516990 ,831174740 
2014,강원,한방부인과,222 ,1088 ,39537290 ,26429810 
2014,강원,한방안·이비인후·피부과,666 ,4394 ,166207260 ,110678540 
2014,강원,한방신경정신과,891 ,2516 ,354663180 ,263001420 
2014,강원,침구과,5200 ,21339 ,995357980 ,716900940 
2014,강원,한방재활의학과,2303 ,7619 ,357258290 ,240891460 
2014,강원,사상체질과,1492 ,4748 ,278580960 ,197530550 
2014,강원,한방응급,484 ,574 ,17710900 ,10680100 
2014,충북,일반의,15 ,15 ,434830 ,317490 
2014,충북,내과,287147 ,1244658 ,172233565260 ,133089403830 
2014,충북,신경과,41740 ,148588 ,18062405390 ,12318058760 
2014,충북,정신건강의학과,22334 ,119055 ,32782750590 ,24824688950 
2014,충북,외과,62712 ,167408 ,46983319360 ,37208308040 
2014,충북,정형외과,159669 ,552459 ,73451074330 ,53498095690 
2014,충북,신경외과,77274 ,245477 ,43894906530 ,32983044430 
2014,충북,흉부외과,5341 ,12099 ,4568160210 ,3604133360 
2014,충북,성형외과,8982 ,36677 ,3011271760 ,2173931600 
2014,충북,마취통증의학과,6743 ,14998 ,1064482670 ,658918240 
2014,충북,산부인과,59156 ,195196 ,19310662100 ,15018261950 
2014,충북,소아청소년과,69937 ,349750 ,25296712940 ,20223150170 
2014,충북,안과,22585 ,51672 ,3274272020 ,1995779120 
2014,충북,이비인후과,41399 ,114397 ,8538674340 ,5503672820 
2014,충북,피부과,16729 ,46325 ,1298858130 ,586623700 
2014,충북,비뇨의학과,28021 ,96045 ,10782613260 ,7507487210 
2014,충북,영상의학과,674 ,745 ,138425130 ,89661200 
2014,충북,방사선종양학과,736 ,14113 ,2806972060 ,2653032670 
2014,충북,진단검사의학과,2177 ,6339 ,255593280 ,191433210 
2014,충북,결핵과,1272 ,2427 ,549852450 ,402412140 
2014,충북,재활의학과,16140 ,96738 ,24939550260 ,18780191160 
2014,충북,핵의학과,49 ,97 ,119770100 ,91835090 
2014,충북,가정의학과,56061 ,140728 ,25639923170 ,18685547930 
2014,충북,응급의학과,139245 ,178226 ,17667752540 ,9408273410 
2014,충북,직업환경의학과,24 ,46 ,1155520 ,618820 
2014,충북,예방의학과,4505 ,8200 ,3079318130 ,2234225630 
2014,충북,약국,2 ,2 ,1421340 ,1092300 
2014,충북,구강악안면외과,21269 ,56730 ,2718319710 ,1389415340 
2014,충북,치과보철과,9427 ,19111 ,811643710 ,478658810 
2014,충북,치과교정과,66 ,85 ,1544680 ,931480 
2014,충북,소아치과,3180 ,6085 ,174648220 ,116383520 
2014,충북,치주과,370 ,486 ,21440080 ,12904180 
2014,충북,치과보존과,6148 ,14847 ,644652140 ,345574040 
2014,충북,한방내과,8940 ,46394 ,2151631880 ,1527235670 
2014,충북,한방부인과,703 ,1960 ,82626060 ,58208940 
2014,충북,한방소아과,71 ,158 ,2781180 ,1766180 
2014,충북,한방안·이비인후·피부과,1053 ,4521 ,129387330 ,83914090 
2014,충북,한방신경정신과,399 ,1829 ,106850370 ,74440160 
2014,충북,침구과,12718 ,57513 ,3207376850 ,2277119310 
2014,충북,한방재활의학과,3656 ,12525 ,550141580 ,381175750 
2014,충북,사상체질과,441 ,1986 ,107914700 ,75458380 
2014,충북,한방응급,762 ,1290 ,29412960 ,17766160 
2014,충남,일반의,236 ,255 ,20485280 ,14298960 
2014,충남,내과,360583 ,1380640 ,226747908830 ,176182307520 
2014,충남,신경과,50907 ,167699 ,32509902190 ,22923303760 
2014,충남,정신건강의학과,24388 ,150970 ,42372309070 ,31841786880 
2014,충남,외과,72705 ,196769 ,71957491620 ,57363941360 
2014,충남,정형외과,194019 ,605166 ,76672586070 ,55289511650 
2014,충남,신경외과,58935 ,157944 ,40273757940 ,31195045710 
2014,충남,흉부외과,7070 ,13245 ,7297167310 ,5860658270 
2014,충남,성형외과,7857 ,24862 ,3889804670 ,2623957900 
2014,충남,마취통증의학과,11620 ,36199 ,3711376130 ,2504266550 
2014,충남,산부인과,67903 ,228965 ,25571747050 ,19325606340 
2014,충남,소아청소년과,69995 ,381541 ,29150035140 ,24786516350 
2014,충남,안과,28902 ,72404 ,5216913570 ,3150749590 
2014,충남,이비인후과,52091 ,134772 ,10718653650 ,6915088420 
2014,충남,피부과,25041 ,70985 ,2922776300 ,1225772750 
2014,충남,비뇨의학과,34878 ,109444 ,11883760250 ,8296215960 
2014,충남,영상의학과,2908 ,3842 ,1076402820 ,815184970 
2014,충남,방사선종양학과,1641 ,16823 ,3551276950 ,3372402880 
2014,충남,병리과,1 ,1 ,14370 ,8670 
2014,충남,진단검사의학과,6 ,29 ,2985770 ,2270680 
2014,충남,결핵과,4 ,20 ,42804180 ,35491350 
2014,충남,재활의학과,19480 ,105398 ,24920649720 ,18763625720 
2014,충남,핵의학과,364 ,1205 ,741243950 ,674236420 
2014,충남,가정의학과,55138 ,141699 ,38872443420 ,29001408090 
2014,충남,응급의학과,211874 ,275624 ,28028469040 ,14097941330 
2014,충남,직업환경의학과,2807 ,13906 ,4802152190 ,3527314880 
2014,충남,예방의학과,846 ,900 ,42582070 ,24349770 
2014,충남,구강악안면외과,29616 ,57009 ,2647499280 ,1599505230 
2014,충남,치과보철과,15830 ,31561 ,1780404690 ,989177290 
2014,충남,치과교정과,1859 ,2206 ,56390650 ,33951550 
2014,충남,소아치과,17309 ,32913 ,1041985150 ,678084950 
2014,충남,치주과,28665 ,53343 ,2373852210 ,1435449520 
2014,충남,치과보존과,38379 ,88309 ,4142193990 ,2546895360 
2014,충남,구강내과,4796 ,11019 ,495422870 ,298842770 
2014,충남,영상치의학과,1056 ,1168 ,48784720 ,29388020 
2014,충남,구강병리과,4 ,4 ,208550 ,132950 
2014,충남,예방치과,439 ,508 ,22788650 ,13744050 
2014,충남,한방내과,12290 ,61508 ,3933910150 ,2985795670 
2014,충남,한방부인과,336 ,2005 ,59805880 ,38806960 
2014,충남,한방소아과,565 ,2360 ,52739640 ,34042550 
2014,충남,한방안·이비인후·피부과,259 ,1004 ,25577260 ,16122040 
2014,충남,한방신경정신과,134 ,609 ,17804170 ,11320160 
2014,충남,침구과,12069 ,57646 ,3224752590 ,2323051790 
2014,충남,한방재활의학과,87 ,507 ,48434230 ,37730760 
2014,전북,일반의,1206 ,2445 ,1171086660 ,934915810 
2014,전북,내과,381269 ,1657850 ,272644602960 ,212191353660 
2014,전북,신경과,58615 ,223306 ,29471848410 ,20428436670 
2014,전북,정신건강의학과,25518 ,162060 ,37668872050 ,28217299630 
2014,전북,외과,108508 ,326631 ,98117481920 ,79153719600 
2014,전북,정형외과,292262 ,1071831 ,136080788220 ,99378860620 
2014,전북,신경외과,104216 ,393168 ,59888883990 ,45805838560 
2014,전북,흉부외과,7840 ,28746 ,14799883730 ,11968825770 
2014,전북,성형외과,16455 ,67582 ,5432895700 ,3918262530 
2014,전북,마취통증의학과,21237 ,61492 ,4944818170 ,3251343620 
2014,전북,산부인과,58661 ,195832 ,35916096170 ,27618168040 
2014,전북,소아청소년과,78039 ,433547 ,34468331440 ,27826420160 
2014,전북,안과,26646 ,81591 ,6674011170 ,4339541750 
2014,전북,이비인후과,38985 ,100292 ,10500079340 ,7231781100 
2014,전북,피부과,30640 ,77153 ,2385925190 ,1200582380 
2014,전북,비뇨의학과,47812 ,152967 ,18562618970 ,13310133840 
2014,전북,영상의학과,931 ,1064 ,149406480 ,105252980 
2014,전북,방사선종양학과,1675 ,29605 ,6364776560 ,6032956390 
2014,전북,진단검사의학과,28 ,28 ,463170 ,283770 
2014,전북,결핵과,97 ,256 ,442866220 ,336248180 
2014,전북,재활의학과,29369 ,200052 ,50285285440 ,37978695320 
2014,전북,핵의학과,591 ,2958 ,884545050 ,833162020 
2014,전북,가정의학과,69613 ,234661 ,123041968080 ,92614656040 
2014,전북,응급의학과,146177 ,188090 ,26495044530 ,15425525430 
2014,전북,직업환경의학과,365 ,1294 ,2324837200 ,1715055100 
2014,전북,예방의학과,2 ,29 ,428740 ,258640 
2014,전북,치과,1 ,2 ,2385730 ,1192870 
2014,전북,구강악안면외과,6226 ,17778 ,1476277820 ,858186310 
2014,전북,치과보철과,502 ,1154 ,147091410 ,68999410 
2014,전북,치과교정과,14 ,21 ,349860 ,23060 
2014,전북,소아치과,2036 ,5658 ,228921530 ,79840430 
2014,전북,치주과,4551 ,10112 ,487180450 ,213443650 
2014,전북,치과보존과,22830 ,68145 ,3692888640 ,2203845000 
2014,전북,구강내과,2435 ,7214 ,276082450 ,75491050 
2014,전북,한방내과,16896 ,72199 ,6316073520 ,4816289980 
2014,전북,한방부인과,2034 ,10208 ,499060840 ,355100350 
2014,전북,한방소아과,902 ,2933 ,63218060 ,41832570 
2014,전북,한방안·이비인후·피부과,1161 ,6902 ,307265450 ,207205980 
2014,전북,한방신경정신과,899 ,4043 ,390124500 ,288338530 
2014,전북,침구과,45843 ,169771 ,17951354780 ,13200587540 
2014,전북,한방재활의학과,7042 ,31465 ,2455630280 ,1851096360 
2014,전북,사상체질과,1851 ,9013 ,858997310 ,662491940 
2014,전북,한방응급,415 ,472 ,16751630 ,10116830 
2014,전남,일반의,8 ,272 ,46241310 ,43239220 
2014,전남,내과,509659 ,2206393 ,343399050150 ,273989710260 
2014,전남,신경과,57045 ,172443 ,28083224420 ,20229409580 
2014,전남,정신건강의학과,29061 ,158564 ,41042819600 ,31123506990 
2014,전남,외과,171617 ,447503 ,115988853520 ,93208850420 
2014,전남,정형외과,347986 ,1142732 ,158431113160 ,116411884120 
2014,전남,신경외과,127205 ,359679 ,61154776800 ,46087275970 
2014,전남,흉부외과,16142 ,39116 ,15071486690 ,12092939970 
2014,전남,성형외과,3651 ,9424 ,589839820 ,409208900 
2014,전남,마취통증의학과,20812 ,56711 ,4082093490 ,2784126540 
2014,전남,산부인과,111157 ,374618 ,37295545810 ,28900729340 
2014,전남,소아청소년과,161864 ,1168754 ,53219165720 ,43173195660 
2014,전남,안과,18743 ,41063 ,3377141080 ,2407695830 
2014,전남,이비인후과,64896 ,158738 ,12538956570 ,8968993550 
2014,전남,피부과,44015 ,75848 ,1683184910 ,1079064670 
2014,전남,비뇨의학과,39281 ,113255 ,14293647220 ,11041416840 
2014,전남,영상의학과,1559 ,2942 ,2161634630 ,1586595130 
2014,전남,방사선종양학과,2769 ,57514 ,13102535910 ,12462757010 
2014,전남,재활의학과,15859 ,104304 ,30368067980 ,23121290240 
2014,전남,핵의학과,1405 ,4453 ,1507411700 ,1412267220 
2014,전남,가정의학과,58799 ,169864 ,81333301310 ,61483633190 
2014,전남,응급의학과,209059 ,294582 ,21221260540 ,12686526960 
2014,전남,직업환경의학과,903 ,2394 ,2235949990 ,1659400000 
2014,전남,예방의학과,262 ,1702 ,1463077870 ,1092360290 
2014,전남,치과,666 ,1181 ,43740620 ,25710240 
2014,전남,구강악안면외과,16918 ,32741 ,1178687170 ,713284870 
2014,전남,치과보철과,10759 ,22098 ,1115567730 ,628502100 
2014,전남,치과교정과,1621 ,2034 ,55818380 ,34085280 
2014,전남,소아치과,10982 ,21652 ,898189030 ,608400030 
2014,전남,치주과,13872 ,21916 ,906076160 ,553701210 
2014,전남,치과보존과,33683 ,76694 ,3021047400 ,1804350540 
2014,전남,구강내과,1453 ,4182 ,115744590 ,75864890 
2014,전남,예방치과,787 ,1555 ,62462820 ,33540160 
2014,전남,한방내과,29158 ,115865 ,10587280150 ,7855075440 
2014,전남,한방부인과,2352 ,6690 ,706562960 ,518201340 
2014,전남,한방소아과,693 ,1787 ,174574400 ,125141280 
2014,전남,한방안·이비인후·피부과,3252 ,12436 ,728408830 ,502400280 
2014,전남,한방신경정신과,1597 ,6227 ,408514760 ,286192620 
2014,전남,침구과,26898 ,93282 ,9849576900 ,7318676880 
2014,전남,한방재활의학과,4585 ,13333 ,955304020 ,668944990 
2014,전남,사상체질과,1672 ,4837 ,511396910 ,369278800 
2014,경북,일반의,159 ,618 ,1004856410 ,748740530 
2014,경북,내과,464748 ,1962339 ,270676941430 ,206837028750 
2014,경북,신경과,91416 ,303691 ,39988439740 ,27848125930 
2014,경북,정신건강의학과,37829 ,229388 ,70932307520 ,53816145440 
2014,경북,외과,105017 ,293307 ,83113699260 ,63152807130 
2014,경북,정형외과,337875 ,1325998 ,134783383370 ,96057919470 
2014,경북,신경외과,130890 ,429176 ,74133997960 ,54881716680 
2014,경북,흉부외과,17119 ,39364 ,12199875050 ,9134963300 
2014,경북,성형외과,22881 ,60986 ,5998354220 ,4114559520 
2014,경북,마취통증의학과,24341 ,56752 ,5814492730 ,3894002100 
2014,경북,산부인과,118197 ,400709 ,40933369170 ,31092777840 
2014,경북,소아청소년과,134651 ,725973 ,35834413900 ,28557963280 
2014,경북,안과,49297 ,106962 ,6649166970 ,4497597880 
2014,경북,이비인후과,104626 ,236999 ,13038503620 ,8476625370 
2014,경북,피부과,27728 ,68650 ,2190333010 ,1358929950 
2014,경북,비뇨의학과,62033 ,196574 ,15415675530 ,10358455280 
2014,경북,영상의학과,2031 ,2457 ,847675440 ,625406330 
2014,경북,방사선종양학과,840 ,11518 ,3695410390 ,3386418970 
2014,경북,병리과,311 ,459 ,130811320 ,95885700 
2014,경북,진단검사의학과,1 ,1 ,242240 ,121140 
2014,경북,결핵과,200 ,468 ,617231510 ,453195070 
2014,경북,재활의학과,17946 ,105965 ,37991315330 ,28781749020 
2014,경북,핵의학과,49 ,5203 ,893859330 ,820341480 
2014,경북,가정의학과,104139 ,334579 ,89543099430 ,66562431720 
2014,경북,응급의학과,269261 ,347754 ,33164718830 ,18252477170 
2014,경북,직업환경의학과,1658 ,1820 ,22079200 ,11228300 
2014,경북,예방의학과,91 ,331 ,663727100 ,522842690 
2014,경북,치과,4441 ,12098 ,519650300 ,269088770 
2014,경북,구강악안면외과,13249 ,25228 ,889426000 ,531013540 
2014,경북,치과보철과,1083 ,2449 ,261726130 ,137470520 
2014,경북,치과교정과,151 ,183 ,6127680 ,3685680 
2014,경북,소아치과,3992 ,6099 ,180011390 ,115981390 
2014,경북,치주과,20300 ,34161 ,1486552810 ,893158410 
2014,경북,치과보존과,44635 ,104308 ,4105123110 ,2331218580 
2014,경북,구강내과,41 ,94 ,3640880 ,2188180 
2014,경북,영상치의학과,2 ,2 ,26560 ,16060 
2014,경북,예방치과,31 ,37 ,2811130 ,1721830 
2014,경북,한방내과,27755 ,150217 ,7283027610 ,5485598200 
2014,경북,한방부인과,634 ,2221 ,90892560 ,61321260 
2014,경북,한방소아과,1691 ,5002 ,236097170 ,160057390 
2014,경북,한방안·이비인후·피부과,445 ,1926 ,76287040 ,48345420 
2014,경북,한방신경정신과,823 ,3062 ,119068480 ,77410810 
2014,경북,침구과,18352 ,77708 ,3691164030 ,2708734210 
2014,경북,한방재활의학과,851 ,4672 ,169687620 ,116582830 
2014,경북,사상체질과,648 ,3585 ,95345500 ,61804970 
2014,경북,한방응급,207 ,235 ,6505300 ,3922200 
2014,경북,한방,1 ,1 ,14370 ,8670 
2014,경남,일반의,4498 ,17355 ,2124258530 ,1631991150 
2014,경남,내과,915740 ,3728829 ,490287645580 ,380235760760 
2014,경남,신경과,125053 ,468313 ,85005302030 ,61545251380 
2014,경남,정신건강의학과,37209 ,216675 ,81841399210 ,62464777120 
2014,경남,외과,202576 ,556239 ,135260455400 ,107252982200 
2014,경남,정형외과,519763 ,1988596 ,217640520400 ,157229909070 
2014,경남,신경외과,234795 ,759515 ,101622571260 ,75336927140 
2014,경남,흉부외과,12663 ,36747 ,22900214020 ,19578681050 
2014,경남,성형외과,10399 ,22984 ,1962079820 ,1377160990 
2014,경남,마취통증의학과,16295 ,44769 ,3919643680 ,2642595360 
2014,경남,산부인과,143337 ,489863 ,47887174130 ,36951932130 
2014,경남,소아청소년과,275487 ,1897275 ,110354087170 ,89878966590 
2014,경남,안과,46919 ,144511 ,10185314290 ,6613785050 
2014,경남,이비인후과,133920 ,303169 ,19504960300 ,13532042390 
2014,경남,피부과,45165 ,120168 ,4136740530 ,2352763790 
2014,경남,비뇨의학과,63131 ,177209 ,20225650530 ,14432495120 
2014,경남,영상의학과,3326 ,3858 ,1416210760 ,1162184220 
2014,경남,방사선종양학과,1929 ,33560 ,7372691220 ,7005053660 
2014,경남,병리과,362 ,699 ,229278810 ,169620010 
2014,경남,진단검사의학과,11 ,14 ,21378490 ,15994560 
2014,경남,결핵과,1397 ,5278 ,2736612380 ,2273530140 
2014,경남,재활의학과,41597 ,297946 ,76256260580 ,57755995240 
2014,경남,핵의학과,1 ,1 ,19660 ,12860 
2014,경남,가정의학과,82121 ,246269 ,101894639280 ,75752647020 
2014,경남,응급의학과,364144 ,514686 ,41086489120 ,24549359600 
2014,경남,직업환경의학과,1977 ,2696 ,277169200 ,184083420 
2014,경남,예방의학과,1 ,1 ,37530 ,30030 
2014,경남,치과,1572 ,2771 ,136664270 ,71449600 
2014,경남,구강악안면외과,33200 ,73990 ,4054180020 ,2595465190 
2014,경남,치과보철과,7004 ,13362 ,859812100 ,478251950 
2014,경남,치과교정과,1408 ,3028 ,103783190 ,62512790 
2014,경남,소아치과,10719 ,20428 ,675209450 ,457322830 
2014,경남,치주과,27746 ,51930 ,2015842750 ,1248786600 
2014,경남,치과보존과,85359 ,192658 ,7490972440 ,4318585940 
2014,경남,구강내과,6132 ,18722 ,727092630 ,474218030 
2014,경남,영상치의학과,2 ,3 ,89350 ,53850 
2014,경남,예방치과,2417 ,3723 ,133808260 ,87523010 
2014,경남,한방내과,20720 ,105243 ,8150785920 ,6348010460 
2014,경남,한방부인과,567 ,3547 ,128271020 ,95608660 
2014,경남,한방소아과,706 ,2801 ,51489750 ,36986970 
2014,경남,한방안·이비인후·피부과,742 ,5004 ,150183730 ,103864110 
2014,경남,한방신경정신과,211 ,980 ,66295090 ,48142110 
2014,경남,침구과,7450 ,39071 ,2453694420 ,1881306570 
2014,경남,한방재활의학과,6078 ,43310 ,2017336530 ,1364681290 
2014,경남,사상체질과,390 ,2388 ,127204620 ,96505950 
2014,제주,내과,120951 ,624868 ,94916908990 ,75455296770 
2014,제주,신경과,28940 ,115793 ,13809598560 ,9777745000 
2014,제주,정신건강의학과,8380 ,48055 ,6233607960 ,4557504630 
2014,제주,외과,49843 ,111227 ,18635723780 ,14339610580 
2014,제주,정형외과,59700 ,224866 ,26477600900 ,19015099840 
2014,제주,신경외과,23810 ,73395 ,16540405910 ,12988229680 
2014,제주,흉부외과,4105 ,9126 ,3003368760 ,2463026140 
2014,제주,성형외과,5880 ,16030 ,2634127320 ,1946625350 
2014,제주,마취통증의학과,4835 ,11584 ,798403410 ,445428130 
2014,제주,산부인과,19159 ,57561 ,6730789620 ,5029725360 
2014,제주,소아청소년과,32966 ,146397 ,13829967720 ,11563721820 
2014,제주,안과,14436 ,42690 ,3492577610 ,2360605830 
2014,제주,이비인후과,23902 ,58810 ,4413659690 ,2957832670 
2014,제주,피부과,7796 ,19856 ,705110130 ,389655530 
2014,제주,비뇨의학과,15513 ,54962 ,5559961520 ,4098598580 
2014,제주,영상의학과,293 ,365 ,112388110 ,84647410 
2014,제주,방사선종양학과,767 ,11626 ,2715597730 ,2581565630 
2014,제주,진단검사의학과,60 ,92 ,2530730 ,1270830 
2014,제주,재활의학과,7099 ,69897 ,9310352430 ,6993213160 
2014,제주,핵의학과,363 ,1401 ,508942490 ,471686070 
2014,제주,가정의학과,8963 ,21450 ,1789265940 ,1246347880 
2014,제주,응급의학과,63821 ,84340 ,11424396150 ,6353591770 
2014,제주,치과,2584 ,9526 ,610616400 ,342847570 
2014,제주,구강악안면외과,1931 ,4703 ,154111000 ,83857690 
2014,제주,치과보존과,4413 ,10632 ,367052280 ,189376090 
2014,제주,한방내과,485 ,2418 ,107664000 ,80915480 
2014,제주,침구과,160 ,1086 ,62835730 ,48008120 
2014,세종,일반의,2 ,13 ,25593060 ,18805800 
2014,세종,내과,3655 ,7555 ,2876491780 ,2108024150 
2014,세종,신경과,4 ,17 ,25030870 ,18503880 
2014,세종,정신건강의학과,184 ,1146 ,1393932880 ,1054067210 
2014,세종,외과,2065 ,5436 ,2216345310 ,1679350700 
2014,세종,정형외과,2329 ,4943 ,1105059340 ,811126100 
2014,세종,신경외과,2068 ,4521 ,1322653770 ,974280780 
2014,세종,마취통증의학과,90 ,399 ,642582940 ,478749320 
2014,세종,산부인과,169 ,579 ,781112630 ,579633500 
2014,세종,소아청소년과,1 ,1 ,20220 ,17420 
2014,세종,안과,3 ,7 ,2685500 ,1688840 
2014,세종,이비인후과,2 ,4 ,940200 ,688130 
2014,세종,피부과,12 ,16 ,221310 ,144510 
2014,세종,비뇨의학과,14 ,57 ,70364010 ,55656460 
2014,세종,가정의학과,3619 ,9756 ,2990673550 ,2240117870 
2014,세종,응급의학과,11829 ,16804 ,631113120 ,417156910 
2014,세종,한방내과,250 ,905 ,73702700 ,59614310 
2014,세종,침구과,116 ,663 ,54414710 ,43642430 
